mutant,DMS_score,sequence
G2U,0.03584,GUAACACUAUCCGACUGCGGUCGGUGGAGAUGUAUAGUCUUAGGGUGAGGCUGGAGAUCGGAAGAGCGUCGUGUAGGGAAAGAGUGU
G2C,0.00599,GCAACACUAUCCGACUGCGGUCGGUGGAGAUGUAUAGUCUUAGGGUGAGGCUGGAGAUCGGAAGAGCGUCGUGUAGGGAAAGAGUGU
G2A,0.03043,GAAACACUAUCCGACUGCGGUCGGUGGAGAUGUAUAGUCUUAGGGUGAGGCUGGAGAUCGGAAGAGCGUCGUGUAGGGAAAGAGUGU
A3U,0.00134,GGUACACUAUCCGACUGCGGUCGGUGGAGAUGUAUAGUCUUAGGGUGAGGCUGGAGAUCGGAAGAGCGUCGUGUAGGGAAAGAGUGU
A3C,0.00108,GGCACACUAUCCGACUGCGGUCGGUGGAGAUGUAUAGUCUUAGGGUGAGGCUGGAGAUCGGAAGAGCGUCGUGUAGGGAAAGAGUGU
A3G,0.00147,GGGACACUAUCCGACUGCGGUCGGUGGAGAUGUAUAGUCUUAGGGUGAGGCUGGAGAUCGGAAGAGCGUCGUGUAGGGAAAGAGUGU
A4U,0.00108,GGAUCACUAUCCGACUGCGGUCGGUGGAGAUGUAUAGUCUUAGGGUGAGGCUGGAGAUCGGAAGAGCGUCGUGUAGGGAAAGAGUGU
A4C,0.00138,GGACCACUAUCCGACUGCGGUCGGUGGAGAUGUAUAGUCUUAGGGUGAGGCUGGAGAUCGGAAGAGCGUCGUGUAGGGAAAGAGUGU
A4G,0.00578,GGAGCACUAUCCGACUGCGGUCGGUGGAGAUGUAUAGUCUUAGGGUGAGGCUGGAGAUCGGAAGAGCGUCGUGUAGGGAAAGAGUGU
C5U,0.00258,GGAAUACUAUCCGACUGCGGUCGGUGGAGAUGUAUAGUCUUAGGGUGAGGCUGGAGAUCGGAAGAGCGUCGUGUAGGGAAAGAGUGU
C5G,0.00138,GGAAGACUAUCCGACUGCGGUCGGUGGAGAUGUAUAGUCUUAGGGUGAGGCUGGAGAUCGGAAGAGCGUCGUGUAGGGAAAGAGUGU
C5A,0.00137,GGAAAACUAUCCGACUGCGGUCGGUGGAGAUGUAUAGUCUUAGGGUGAGGCUGGAGAUCGGAAGAGCGUCGUGUAGGGAAAGAGUGU
A6U,0.00125,GGAACUCUAUCCGACUGCGGUCGGUGGAGAUGUAUAGUCUUAGGGUGAGGCUGGAGAUCGGAAGAGCGUCGUGUAGGGAAAGAGUGU
A6C,0.00142,GGAACCCUAUCCGACUGCGGUCGGUGGAGAUGUAUAGUCUUAGGGUGAGGCUGGAGAUCGGAAGAGCGUCGUGUAGGGAAAGAGUGU
A6G,0.00184,GGAACGCUAUCCGACUGCGGUCGGUGGAGAUGUAUAGUCUUAGGGUGAGGCUGGAGAUCGGAAGAGCGUCGUGUAGGGAAAGAGUGU
C7U,0.00756,GGAACAUUAUCCGACUGCGGUCGGUGGAGAUGUAUAGUCUUAGGGUGAGGCUGGAGAUCGGAAGAGCGUCGUGUAGGGAAAGAGUGU
C7G,0.00872,GGAACAGUAUCCGACUGCGGUCGGUGGAGAUGUAUAGUCUUAGGGUGAGGCUGGAGAUCGGAAGAGCGUCGUGUAGGGAAAGAGUGU
C7A,0.01106,GGAACAAUAUCCGACUGCGGUCGGUGGAGAUGUAUAGUCUUAGGGUGAGGCUGGAGAUCGGAAGAGCGUCGUGUAGGGAAAGAGUGU
U8C,0.01258,GGAACACCAUCCGACUGCGGUCGGUGGAGAUGUAUAGUCUUAGGGUGAGGCUGGAGAUCGGAAGAGCGUCGUGUAGGGAAAGAGUGU
U8G,0.01555,GGAACACGAUCCGACUGCGGUCGGUGGAGAUGUAUAGUCUUAGGGUGAGGCUGGAGAUCGGAAGAGCGUCGUGUAGGGAAAGAGUGU
U8A,0.02618,GGAACACAAUCCGACUGCGGUCGGUGGAGAUGUAUAGUCUUAGGGUGAGGCUGGAGAUCGGAAGAGCGUCGUGUAGGGAAAGAGUGU
A9U,0.0014,GGAACACUUUCCGACUGCGGUCGGUGGAGAUGUAUAGUCUUAGGGUGAGGCUGGAGAUCGGAAGAGCGUCGUGUAGGGAAAGAGUGU
A9C,0.00178,GGAACACUCUCCGACUGCGGUCGGUGGAGAUGUAUAGUCUUAGGGUGAGGCUGGAGAUCGGAAGAGCGUCGUGUAGGGAAAGAGUGU
A9G,0.00161,GGAACACUGUCCGACUGCGGUCGGUGGAGAUGUAUAGUCUUAGGGUGAGGCUGGAGAUCGGAAGAGCGUCGUGUAGGGAAAGAGUGU
U10C,0.00886,GGAACACUACCCGACUGCGGUCGGUGGAGAUGUAUAGUCUUAGGGUGAGGCUGGAGAUCGGAAGAGCGUCGUGUAGGGAAAGAGUGU
U10G,0.03398,GGAACACUAGCCGACUGCGGUCGGUGGAGAUGUAUAGUCUUAGGGUGAGGCUGGAGAUCGGAAGAGCGUCGUGUAGGGAAAGAGUGU
U10A,0.02341,GGAACACUAACCGACUGCGGUCGGUGGAGAUGUAUAGUCUUAGGGUGAGGCUGGAGAUCGGAAGAGCGUCGUGUAGGGAAAGAGUGU
C11U,0.02251,GGAACACUAUUCGACUGCGGUCGGUGGAGAUGUAUAGUCUUAGGGUGAGGCUGGAGAUCGGAAGAGCGUCGUGUAGGGAAAGAGUGU
C11G,0.00332,GGAACACUAUGCGACUGCGGUCGGUGGAGAUGUAUAGUCUUAGGGUGAGGCUGGAGAUCGGAAGAGCGUCGUGUAGGGAAAGAGUGU
C11A,0.00224,GGAACACUAUACGACUGCGGUCGGUGGAGAUGUAUAGUCUUAGGGUGAGGCUGGAGAUCGGAAGAGCGUCGUGUAGGGAAAGAGUGU
C12U,0.04278,GGAACACUAUCUGACUGCGGUCGGUGGAGAUGUAUAGUCUUAGGGUGAGGCUGGAGAUCGGAAGAGCGUCGUGUAGGGAAAGAGUGU
C12G,0.01673,GGAACACUAUCGGACUGCGGUCGGUGGAGAUGUAUAGUCUUAGGGUGAGGCUGGAGAUCGGAAGAGCGUCGUGUAGGGAAAGAGUGU
C12A,0.01113,GGAACACUAUCAGACUGCGGUCGGUGGAGAUGUAUAGUCUUAGGGUGAGGCUGGAGAUCGGAAGAGCGUCGUGUAGGGAAAGAGUGU
G13U,0.02565,GGAACACUAUCCUACUGCGGUCGGUGGAGAUGUAUAGUCUUAGGGUGAGGCUGGAGAUCGGAAGAGCGUCGUGUAGGGAAAGAGUGU
G13C,0.00846,GGAACACUAUCCCACUGCGGUCGGUGGAGAUGUAUAGUCUUAGGGUGAGGCUGGAGAUCGGAAGAGCGUCGUGUAGGGAAAGAGUGU
G13A,0.01188,GGAACACUAUCCAACUGCGGUCGGUGGAGAUGUAUAGUCUUAGGGUGAGGCUGGAGAUCGGAAGAGCGUCGUGUAGGGAAAGAGUGU
A14U,0.00724,GGAACACUAUCCGUCUGCGGUCGGUGGAGAUGUAUAGUCUUAGGGUGAGGCUGGAGAUCGGAAGAGCGUCGUGUAGGGAAAGAGUGU
A14C,0.01238,GGAACACUAUCCGCCUGCGGUCGGUGGAGAUGUAUAGUCUUAGGGUGAGGCUGGAGAUCGGAAGAGCGUCGUGUAGGGAAAGAGUGU
A14G,0.0545,GGAACACUAUCCGGCUGCGGUCGGUGGAGAUGUAUAGUCUUAGGGUGAGGCUGGAGAUCGGAAGAGCGUCGUGUAGGGAAAGAGUGU
C15U,0.04637,GGAACACUAUCCGAUUGCGGUCGGUGGAGAUGUAUAGUCUUAGGGUGAGGCUGGAGAUCGGAAGAGCGUCGUGUAGGGAAAGAGUGU
C15G,0.03147,GGAACACUAUCCGAGUGCGGUCGGUGGAGAUGUAUAGUCUUAGGGUGAGGCUGGAGAUCGGAAGAGCGUCGUGUAGGGAAAGAGUGU
C15A,0.00675,GGAACACUAUCCGAAUGCGGUCGGUGGAGAUGUAUAGUCUUAGGGUGAGGCUGGAGAUCGGAAGAGCGUCGUGUAGGGAAAGAGUGU
U16C,0.0483,GGAACACUAUCCGACCGCGGUCGGUGGAGAUGUAUAGUCUUAGGGUGAGGCUGGAGAUCGGAAGAGCGUCGUGUAGGGAAAGAGUGU
U16G,0.00727,GGAACACUAUCCGACGGCGGUCGGUGGAGAUGUAUAGUCUUAGGGUGAGGCUGGAGAUCGGAAGAGCGUCGUGUAGGGAAAGAGUGU
U16A,0.03706,GGAACACUAUCCGACAGCGGUCGGUGGAGAUGUAUAGUCUUAGGGUGAGGCUGGAGAUCGGAAGAGCGUCGUGUAGGGAAAGAGUGU
G17U,0.04434,GGAACACUAUCCGACUUCGGUCGGUGGAGAUGUAUAGUCUUAGGGUGAGGCUGGAGAUCGGAAGAGCGUCGUGUAGGGAAAGAGUGU
G17C,0.04127,GGAACACUAUCCGACUCCGGUCGGUGGAGAUGUAUAGUCUUAGGGUGAGGCUGGAGAUCGGAAGAGCGUCGUGUAGGGAAAGAGUGU
G17A,0.03988,GGAACACUAUCCGACUACGGUCGGUGGAGAUGUAUAGUCUUAGGGUGAGGCUGGAGAUCGGAAGAGCGUCGUGUAGGGAAAGAGUGU
U46A,0.00119,GGAACACUAUCCGACUGCGGUCGGUGGAGAUGUAUAGUCUUAGGGAGAGGCUGGAGAUCGGAAGAGCGUCGUGUAGGGAAAGAGUGU
U46G,0.0016,GGAACACUAUCCGACUGCGGUCGGUGGAGAUGUAUAGUCUUAGGGGGAGGCUGGAGAUCGGAAGAGCGUCGUGUAGGGAAAGAGUGU
U46C,0.00106,GGAACACUAUCCGACUGCGGUCGGUGGAGAUGUAUAGUCUUAGGGCGAGGCUGGAGAUCGGAAGAGCGUCGUGUAGGGAAAGAGUGU
G45A,0.00127,GGAACACUAUCCGACUGCGGUCGGUGGAGAUGUAUAGUCUUAGGAUGAGGCUGGAGAUCGGAAGAGCGUCGUGUAGGGAAAGAGUGU
G45C,0.0009,GGAACACUAUCCGACUGCGGUCGGUGGAGAUGUAUAGUCUUAGGCUGAGGCUGGAGAUCGGAAGAGCGUCGUGUAGGGAAAGAGUGU
G45U,0.0013,GGAACACUAUCCGACUGCGGUCGGUGGAGAUGUAUAGUCUUAGGUUGAGGCUGGAGAUCGGAAGAGCGUCGUGUAGGGAAAGAGUGU
G44A,0.04846,GGAACACUAUCCGACUGCGGUCGGUGGAGAUGUAUAGUCUUAGAGUGAGGCUGGAGAUCGGAAGAGCGUCGUGUAGGGAAAGAGUGU
G44C,0.00355,GGAACACUAUCCGACUGCGGUCGGUGGAGAUGUAUAGUCUUAGCGUGAGGCUGGAGAUCGGAAGAGCGUCGUGUAGGGAAAGAGUGU
G44U,0.00156,GGAACACUAUCCGACUGCGGUCGGUGGAGAUGUAUAGUCUUAGUGUGAGGCUGGAGAUCGGAAGAGCGUCGUGUAGGGAAAGAGUGU
G43A,0.10681,GGAACACUAUCCGACUGCGGUCGGUGGAGAUGUAUAGUCUUAAGGUGAGGCUGGAGAUCGGAAGAGCGUCGUGUAGGGAAAGAGUGU
G43C,0.00198,GGAACACUAUCCGACUGCGGUCGGUGGAGAUGUAUAGUCUUACGGUGAGGCUGGAGAUCGGAAGAGCGUCGUGUAGGGAAAGAGUGU
G43U,0.00148,GGAACACUAUCCGACUGCGGUCGGUGGAGAUGUAUAGUCUUAUGGUGAGGCUGGAGAUCGGAAGAGCGUCGUGUAGGGAAAGAGUGU
A42G,0.01082,GGAACACUAUCCGACUGCGGUCGGUGGAGAUGUAUAGUCUUGGGGUGAGGCUGGAGAUCGGAAGAGCGUCGUGUAGGGAAAGAGUGU
A42C,0.00284,GGAACACUAUCCGACUGCGGUCGGUGGAGAUGUAUAGUCUUCGGGUGAGGCUGGAGAUCGGAAGAGCGUCGUGUAGGGAAAGAGUGU
A42U,0.02211,GGAACACUAUCCGACUGCGGUCGGUGGAGAUGUAUAGUCUUUGGGUGAGGCUGGAGAUCGGAAGAGCGUCGUGUAGGGAAAGAGUGU
U41A,0.00138,GGAACACUAUCCGACUGCGGUCGGUGGAGAUGUAUAGUCUAAGGGUGAGGCUGGAGAUCGGAAGAGCGUCGUGUAGGGAAAGAGUGU
U41G,0.0011,GGAACACUAUCCGACUGCGGUCGGUGGAGAUGUAUAGUCUGAGGGUGAGGCUGGAGAUCGGAAGAGCGUCGUGUAGGGAAAGAGUGU
U41C,0.00142,GGAACACUAUCCGACUGCGGUCGGUGGAGAUGUAUAGUCUCAGGGUGAGGCUGGAGAUCGGAAGAGCGUCGUGUAGGGAAAGAGUGU
U40A,0.00612,GGAACACUAUCCGACUGCGGUCGGUGGAGAUGUAUAGUCAUAGGGUGAGGCUGGAGAUCGGAAGAGCGUCGUGUAGGGAAAGAGUGU
U40G,0.00162,GGAACACUAUCCGACUGCGGUCGGUGGAGAUGUAUAGUCGUAGGGUGAGGCUGGAGAUCGGAAGAGCGUCGUGUAGGGAAAGAGUGU
U40C,0.00072,GGAACACUAUCCGACUGCGGUCGGUGGAGAUGUAUAGUCCUAGGGUGAGGCUGGAGAUCGGAAGAGCGUCGUGUAGGGAAAGAGUGU
C39A,0.0045,GGAACACUAUCCGACUGCGGUCGGUGGAGAUGUAUAGUAUUAGGGUGAGGCUGGAGAUCGGAAGAGCGUCGUGUAGGGAAAGAGUGU
C39G,0.00135,GGAACACUAUCCGACUGCGGUCGGUGGAGAUGUAUAGUGUUAGGGUGAGGCUGGAGAUCGGAAGAGCGUCGUGUAGGGAAAGAGUGU
C39U,0.01175,GGAACACUAUCCGACUGCGGUCGGUGGAGAUGUAUAGUUUUAGGGUGAGGCUGGAGAUCGGAAGAGCGUCGUGUAGGGAAAGAGUGU
U38A,0.00145,GGAACACUAUCCGACUGCGGUCGGUGGAGAUGUAUAGACUUAGGGUGAGGCUGGAGAUCGGAAGAGCGUCGUGUAGGGAAAGAGUGU
U38G,0.00116,GGAACACUAUCCGACUGCGGUCGGUGGAGAUGUAUAGGCUUAGGGUGAGGCUGGAGAUCGGAAGAGCGUCGUGUAGGGAAAGAGUGU
U38C,0.00116,GGAACACUAUCCGACUGCGGUCGGUGGAGAUGUAUAGCCUUAGGGUGAGGCUGGAGAUCGGAAGAGCGUCGUGUAGGGAAAGAGUGU
G37A,0.01286,GGAACACUAUCCGACUGCGGUCGGUGGAGAUGUAUAAUCUUAGGGUGAGGCUGGAGAUCGGAAGAGCGUCGUGUAGGGAAAGAGUGU
G37C,0.00124,GGAACACUAUCCGACUGCGGUCGGUGGAGAUGUAUACUCUUAGGGUGAGGCUGGAGAUCGGAAGAGCGUCGUGUAGGGAAAGAGUGU
G37U,0.00425,GGAACACUAUCCGACUGCGGUCGGUGGAGAUGUAUAUUCUUAGGGUGAGGCUGGAGAUCGGAAGAGCGUCGUGUAGGGAAAGAGUGU
A36G,0.00361,GGAACACUAUCCGACUGCGGUCGGUGGAGAUGUAUGGUCUUAGGGUGAGGCUGGAGAUCGGAAGAGCGUCGUGUAGGGAAAGAGUGU
A36C,0.00177,GGAACACUAUCCGACUGCGGUCGGUGGAGAUGUAUCGUCUUAGGGUGAGGCUGGAGAUCGGAAGAGCGUCGUGUAGGGAAAGAGUGU
A36U,0.00167,GGAACACUAUCCGACUGCGGUCGGUGGAGAUGUAUUGUCUUAGGGUGAGGCUGGAGAUCGGAAGAGCGUCGUGUAGGGAAAGAGUGU
U35A,0.00283,GGAACACUAUCCGACUGCGGUCGGUGGAGAUGUAAAGUCUUAGGGUGAGGCUGGAGAUCGGAAGAGCGUCGUGUAGGGAAAGAGUGU
U35G,0.0012,GGAACACUAUCCGACUGCGGUCGGUGGAGAUGUAGAGUCUUAGGGUGAGGCUGGAGAUCGGAAGAGCGUCGUGUAGGGAAAGAGUGU
U35C,0.00131,GGAACACUAUCCGACUGCGGUCGGUGGAGAUGUACAGUCUUAGGGUGAGGCUGGAGAUCGGAAGAGCGUCGUGUAGGGAAAGAGUGU
A34G,0.01769,GGAACACUAUCCGACUGCGGUCGGUGGAGAUGUGUAGUCUUAGGGUGAGGCUGGAGAUCGGAAGAGCGUCGUGUAGGGAAAGAGUGU
A34C,0.00197,GGAACACUAUCCGACUGCGGUCGGUGGAGAUGUCUAGUCUUAGGGUGAGGCUGGAGAUCGGAAGAGCGUCGUGUAGGGAAAGAGUGU
A34U,0.0027,GGAACACUAUCCGACUGCGGUCGGUGGAGAUGUUUAGUCUUAGGGUGAGGCUGGAGAUCGGAAGAGCGUCGUGUAGGGAAAGAGUGU
U33A,0.06597,GGAACACUAUCCGACUGCGGUCGGUGGAGAUGAAUAGUCUUAGGGUGAGGCUGGAGAUCGGAAGAGCGUCGUGUAGGGAAAGAGUGU
U33G,0.01215,GGAACACUAUCCGACUGCGGUCGGUGGAGAUGGAUAGUCUUAGGGUGAGGCUGGAGAUCGGAAGAGCGUCGUGUAGGGAAAGAGUGU
U33C,0.03071,GGAACACUAUCCGACUGCGGUCGGUGGAGAUGCAUAGUCUUAGGGUGAGGCUGGAGAUCGGAAGAGCGUCGUGUAGGGAAAGAGUGU
G32A,0.04775,GGAACACUAUCCGACUGCGGUCGGUGGAGAUAUAUAGUCUUAGGGUGAGGCUGGAGAUCGGAAGAGCGUCGUGUAGGGAAAGAGUGU
G32C,0.00178,GGAACACUAUCCGACUGCGGUCGGUGGAGAUCUAUAGUCUUAGGGUGAGGCUGGAGAUCGGAAGAGCGUCGUGUAGGGAAAGAGUGU
G32U,0.0047,GGAACACUAUCCGACUGCGGUCGGUGGAGAUUUAUAGUCUUAGGGUGAGGCUGGAGAUCGGAAGAGCGUCGUGUAGGGAAAGAGUGU
U31A,0.00126,GGAACACUAUCCGACUGCGGUCGGUGGAGAAGUAUAGUCUUAGGGUGAGGCUGGAGAUCGGAAGAGCGUCGUGUAGGGAAAGAGUGU
U31G,0.00134,GGAACACUAUCCGACUGCGGUCGGUGGAGAGGUAUAGUCUUAGGGUGAGGCUGGAGAUCGGAAGAGCGUCGUGUAGGGAAAGAGUGU
U31C,0.04853,GGAACACUAUCCGACUGCGGUCGGUGGAGACGUAUAGUCUUAGGGUGAGGCUGGAGAUCGGAAGAGCGUCGUGUAGGGAAAGAGUGU
A30G,0.00138,GGAACACUAUCCGACUGCGGUCGGUGGAGGUGUAUAGUCUUAGGGUGAGGCUGGAGAUCGGAAGAGCGUCGUGUAGGGAAAGAGUGU
A30C,0.00183,GGAACACUAUCCGACUGCGGUCGGUGGAGCUGUAUAGUCUUAGGGUGAGGCUGGAGAUCGGAAGAGCGUCGUGUAGGGAAAGAGUGU
A30U,0.00135,GGAACACUAUCCGACUGCGGUCGGUGGAGUUGUAUAGUCUUAGGGUGAGGCUGGAGAUCGGAAGAGCGUCGUGUAGGGAAAGAGUGU
G29A,0.00125,GGAACACUAUCCGACUGCGGUCGGUGGAAAUGUAUAGUCUUAGGGUGAGGCUGGAGAUCGGAAGAGCGUCGUGUAGGGAAAGAGUGU
G29C,0.00122,GGAACACUAUCCGACUGCGGUCGGUGGACAUGUAUAGUCUUAGGGUGAGGCUGGAGAUCGGAAGAGCGUCGUGUAGGGAAAGAGUGU
G29U,0.00162,GGAACACUAUCCGACUGCGGUCGGUGGAUAUGUAUAGUCUUAGGGUGAGGCUGGAGAUCGGAAGAGCGUCGUGUAGGGAAAGAGUGU
A28G,0.01986,GGAACACUAUCCGACUGCGGUCGGUGGGGAUGUAUAGUCUUAGGGUGAGGCUGGAGAUCGGAAGAGCGUCGUGUAGGGAAAGAGUGU
A28C,0.00227,GGAACACUAUCCGACUGCGGUCGGUGGCGAUGUAUAGUCUUAGGGUGAGGCUGGAGAUCGGAAGAGCGUCGUGUAGGGAAAGAGUGU
A28U,0.00149,GGAACACUAUCCGACUGCGGUCGGUGGUGAUGUAUAGUCUUAGGGUGAGGCUGGAGAUCGGAAGAGCGUCGUGUAGGGAAAGAGUGU
G27A,0.003,GGAACACUAUCCGACUGCGGUCGGUGAAGAUGUAUAGUCUUAGGGUGAGGCUGGAGAUCGGAAGAGCGUCGUGUAGGGAAAGAGUGU
G27C,0.00134,GGAACACUAUCCGACUGCGGUCGGUGCAGAUGUAUAGUCUUAGGGUGAGGCUGGAGAUCGGAAGAGCGUCGUGUAGGGAAAGAGUGU
G27U,0.00176,GGAACACUAUCCGACUGCGGUCGGUGUAGAUGUAUAGUCUUAGGGUGAGGCUGGAGAUCGGAAGAGCGUCGUGUAGGGAAAGAGUGU
G26A,0.00307,GGAACACUAUCCGACUGCGGUCGGUAGAGAUGUAUAGUCUUAGGGUGAGGCUGGAGAUCGGAAGAGCGUCGUGUAGGGAAAGAGUGU
G26C,0.0014,GGAACACUAUCCGACUGCGGUCGGUCGAGAUGUAUAGUCUUAGGGUGAGGCUGGAGAUCGGAAGAGCGUCGUGUAGGGAAAGAGUGU
G26U,0.00144,GGAACACUAUCCGACUGCGGUCGGUUGAGAUGUAUAGUCUUAGGGUGAGGCUGGAGAUCGGAAGAGCGUCGUGUAGGGAAAGAGUGU
U25A,0.01474,GGAACACUAUCCGACUGCGGUCGGAGGAGAUGUAUAGUCUUAGGGUGAGGCUGGAGAUCGGAAGAGCGUCGUGUAGGGAAAGAGUGU
U25G,0.00636,GGAACACUAUCCGACUGCGGUCGGGGGAGAUGUAUAGUCUUAGGGUGAGGCUGGAGAUCGGAAGAGCGUCGUGUAGGGAAAGAGUGU
U25C,0.00732,GGAACACUAUCCGACUGCGGUCGGCGGAGAUGUAUAGUCUUAGGGUGAGGCUGGAGAUCGGAAGAGCGUCGUGUAGGGAAAGAGUGU
G24A,0.00569,GGAACACUAUCCGACUGCGGUCGAUGGAGAUGUAUAGUCUUAGGGUGAGGCUGGAGAUCGGAAGAGCGUCGUGUAGGGAAAGAGUGU
G24C,0.00316,GGAACACUAUCCGACUGCGGUCGCUGGAGAUGUAUAGUCUUAGGGUGAGGCUGGAGAUCGGAAGAGCGUCGUGUAGGGAAAGAGUGU
G24U,0.00976,GGAACACUAUCCGACUGCGGUCGUUGGAGAUGUAUAGUCUUAGGGUGAGGCUGGAGAUCGGAAGAGCGUCGUGUAGGGAAAGAGUGU
G23A,0.00669,GGAACACUAUCCGACUGCGGUCAGUGGAGAUGUAUAGUCUUAGGGUGAGGCUGGAGAUCGGAAGAGCGUCGUGUAGGGAAAGAGUGU
G23C,0.0023,GGAACACUAUCCGACUGCGGUCCGUGGAGAUGUAUAGUCUUAGGGUGAGGCUGGAGAUCGGAAGAGCGUCGUGUAGGGAAAGAGUGU
G23U,0.00753,GGAACACUAUCCGACUGCGGUCUGUGGAGAUGUAUAGUCUUAGGGUGAGGCUGGAGAUCGGAAGAGCGUCGUGUAGGGAAAGAGUGU
C22A,0.01124,GGAACACUAUCCGACUGCGGUAGGUGGAGAUGUAUAGUCUUAGGGUGAGGCUGGAGAUCGGAAGAGCGUCGUGUAGGGAAAGAGUGU
C22G,0.0174,GGAACACUAUCCGACUGCGGUGGGUGGAGAUGUAUAGUCUUAGGGUGAGGCUGGAGAUCGGAAGAGCGUCGUGUAGGGAAAGAGUGU
C22U,0.02841,GGAACACUAUCCGACUGCGGUUGGUGGAGAUGUAUAGUCUUAGGGUGAGGCUGGAGAUCGGAAGAGCGUCGUGUAGGGAAAGAGUGU
U21A,0.00333,GGAACACUAUCCGACUGCGGACGGUGGAGAUGUAUAGUCUUAGGGUGAGGCUGGAGAUCGGAAGAGCGUCGUGUAGGGAAAGAGUGU
U21G,0.02294,GGAACACUAUCCGACUGCGGGCGGUGGAGAUGUAUAGUCUUAGGGUGAGGCUGGAGAUCGGAAGAGCGUCGUGUAGGGAAAGAGUGU
U21C,0.02066,GGAACACUAUCCGACUGCGGCCGGUGGAGAUGUAUAGUCUUAGGGUGAGGCUGGAGAUCGGAAGAGCGUCGUGUAGGGAAAGAGUGU
G20A,0.03777,GGAACACUAUCCGACUGCGAUCGGUGGAGAUGUAUAGUCUUAGGGUGAGGCUGGAGAUCGGAAGAGCGUCGUGUAGGGAAAGAGUGU
G20C,0.00639,GGAACACUAUCCGACUGCGCUCGGUGGAGAUGUAUAGUCUUAGGGUGAGGCUGGAGAUCGGAAGAGCGUCGUGUAGGGAAAGAGUGU
G20U,0.0421,GGAACACUAUCCGACUGCGUUCGGUGGAGAUGUAUAGUCUUAGGGUGAGGCUGGAGAUCGGAAGAGCGUCGUGUAGGGAAAGAGUGU
G19A,0.04277,GGAACACUAUCCGACUGCAGUCGGUGGAGAUGUAUAGUCUUAGGGUGAGGCUGGAGAUCGGAAGAGCGUCGUGUAGGGAAAGAGUGU
G19C,0.04148,GGAACACUAUCCGACUGCCGUCGGUGGAGAUGUAUAGUCUUAGGGUGAGGCUGGAGAUCGGAAGAGCGUCGUGUAGGGAAAGAGUGU
G19U,0.04375,GGAACACUAUCCGACUGCUGUCGGUGGAGAUGUAUAGUCUUAGGGUGAGGCUGGAGAUCGGAAGAGCGUCGUGUAGGGAAAGAGUGU
C18A,0.04075,GGAACACUAUCCGACUGAGGUCGGUGGAGAUGUAUAGUCUUAGGGUGAGGCUGGAGAUCGGAAGAGCGUCGUGUAGGGAAAGAGUGU
C18G,0.04151,GGAACACUAUCCGACUGGGGUCGGUGGAGAUGUAUAGUCUUAGGGUGAGGCUGGAGAUCGGAAGAGCGUCGUGUAGGGAAAGAGUGU
C18U,0.04324,GGAACACUAUCCGACUGUGGUCGGUGGAGAUGUAUAGUCUUAGGGUGAGGCUGGAGAUCGGAAGAGCGUCGUGUAGGGAAAGAGUGU
G1U,0.00129,UGAACACUAUCCGACUGCGGUCGGUGGAGAUGUAUAGUCUUAGGGUGAGGCUGGAGAUCGGAAGAGCGUCGUGUAGGGAAAGAGUGU
G1C,0.00132,CGAACACUAUCCGACUGCGGUCGGUGGAGAUGUAUAGUCUUAGGGUGAGGCUGGAGAUCGGAAGAGCGUCGUGUAGGGAAAGAGUGU
G1A,0.00173,AGAACACUAUCCGACUGCGGUCGGUGGAGAUGUAUAGUCUUAGGGUGAGGCUGGAGAUCGGAAGAGCGUCGUGUAGGGAAAGAGUGU
G54A,0.04396,GGAACACUAUCCGACUGCGGUCGGUGGAGAUGUAUAGUCUUAGGGUGAGGCUGAAGAUCGGAAGAGCGUCGUGUAGGGAAAGAGUGU
G54C,0.04897,GGAACACUAUCCGACUGCGGUCGGUGGAGAUGUAUAGUCUUAGGGUGAGGCUGCAGAUCGGAAGAGCGUCGUGUAGGGAAAGAGUGU
G54U,0.05374,GGAACACUAUCCGACUGCGGUCGGUGGAGAUGUAUAGUCUUAGGGUGAGGCUGUAGAUCGGAAGAGCGUCGUGUAGGGAAAGAGUGU
G53A,0.0025,GGAACACUAUCCGACUGCGGUCGGUGGAGAUGUAUAGUCUUAGGGUGAGGCUAGAGAUCGGAAGAGCGUCGUGUAGGGAAAGAGUGU
G53C,0.00445,GGAACACUAUCCGACUGCGGUCGGUGGAGAUGUAUAGUCUUAGGGUGAGGCUCGAGAUCGGAAGAGCGUCGUGUAGGGAAAGAGUGU
G53U,0.0065,GGAACACUAUCCGACUGCGGUCGGUGGAGAUGUAUAGUCUUAGGGUGAGGCUUGAGAUCGGAAGAGCGUCGUGUAGGGAAAGAGUGU
U52A,0.00423,GGAACACUAUCCGACUGCGGUCGGUGGAGAUGUAUAGUCUUAGGGUGAGGCAGGAGAUCGGAAGAGCGUCGUGUAGGGAAAGAGUGU
U52G,0.02023,GGAACACUAUCCGACUGCGGUCGGUGGAGAUGUAUAGUCUUAGGGUGAGGCGGGAGAUCGGAAGAGCGUCGUGUAGGGAAAGAGUGU
U52C,0.00213,GGAACACUAUCCGACUGCGGUCGGUGGAGAUGUAUAGUCUUAGGGUGAGGCCGGAGAUCGGAAGAGCGUCGUGUAGGGAAAGAGUGU
C51A,0.0009,GGAACACUAUCCGACUGCGGUCGGUGGAGAUGUAUAGUCUUAGGGUGAGGAUGGAGAUCGGAAGAGCGUCGUGUAGGGAAAGAGUGU
C51G,0.00364,GGAACACUAUCCGACUGCGGUCGGUGGAGAUGUAUAGUCUUAGGGUGAGGGUGGAGAUCGGAAGAGCGUCGUGUAGGGAAAGAGUGU
C51U,0.04117,GGAACACUAUCCGACUGCGGUCGGUGGAGAUGUAUAGUCUUAGGGUGAGGUUGGAGAUCGGAAGAGCGUCGUGUAGGGAAAGAGUGU
G50A,0.00795,GGAACACUAUCCGACUGCGGUCGGUGGAGAUGUAUAGUCUUAGGGUGAGACUGGAGAUCGGAAGAGCGUCGUGUAGGGAAAGAGUGU
G50C,0.00092,GGAACACUAUCCGACUGCGGUCGGUGGAGAUGUAUAGUCUUAGGGUGAGCCUGGAGAUCGGAAGAGCGUCGUGUAGGGAAAGAGUGU
G50U,0.00176,GGAACACUAUCCGACUGCGGUCGGUGGAGAUGUAUAGUCUUAGGGUGAGUCUGGAGAUCGGAAGAGCGUCGUGUAGGGAAAGAGUGU
G49A,0.01048,GGAACACUAUCCGACUGCGGUCGGUGGAGAUGUAUAGUCUUAGGGUGAAGCUGGAGAUCGGAAGAGCGUCGUGUAGGGAAAGAGUGU
G49C,0.00085,GGAACACUAUCCGACUGCGGUCGGUGGAGAUGUAUAGUCUUAGGGUGACGCUGGAGAUCGGAAGAGCGUCGUGUAGGGAAAGAGUGU
G49U,0.00222,GGAACACUAUCCGACUGCGGUCGGUGGAGAUGUAUAGUCUUAGGGUGAUGCUGGAGAUCGGAAGAGCGUCGUGUAGGGAAAGAGUGU
A48G,0.00098,GGAACACUAUCCGACUGCGGUCGGUGGAGAUGUAUAGUCUUAGGGUGGGGCUGGAGAUCGGAAGAGCGUCGUGUAGGGAAAGAGUGU
A48C,0.0009,GGAACACUAUCCGACUGCGGUCGGUGGAGAUGUAUAGUCUUAGGGUGCGGCUGGAGAUCGGAAGAGCGUCGUGUAGGGAAAGAGUGU
A48U,0.00088,GGAACACUAUCCGACUGCGGUCGGUGGAGAUGUAUAGUCUUAGGGUGUGGCUGGAGAUCGGAAGAGCGUCGUGUAGGGAAAGAGUGU
G47A,0.00111,GGAACACUAUCCGACUGCGGUCGGUGGAGAUGUAUAGUCUUAGGGUAAGGCUGGAGAUCGGAAGAGCGUCGUGUAGGGAAAGAGUGU
G47C,0.00089,GGAACACUAUCCGACUGCGGUCGGUGGAGAUGUAUAGUCUUAGGGUCAGGCUGGAGAUCGGAAGAGCGUCGUGUAGGGAAAGAGUGU
G47U,0.00108,GGAACACUAUCCGACUGCGGUCGGUGGAGAUGUAUAGUCUUAGGGUUAGGCUGGAGAUCGGAAGAGCGUCGUGUAGGGAAAGAGUGU
G54A,0.04396,GGAACACUAUCCGACUGCGGUCGGUGGAGAUGUAUAGUCUUAGGGUGAGGCUGAAGAUCGGAAGAGCGUCGUGUAGGGAAAGAGUGU
G54C,0.04897,GGAACACUAUCCGACUGCGGUCGGUGGAGAUGUAUAGUCUUAGGGUGAGGCUGCAGAUCGGAAGAGCGUCGUGUAGGGAAAGAGUGU
G54U,0.05374,GGAACACUAUCCGACUGCGGUCGGUGGAGAUGUAUAGUCUUAGGGUGAGGCUGUAGAUCGGAAGAGCGUCGUGUAGGGAAAGAGUGU
G53A,0.0025,GGAACACUAUCCGACUGCGGUCGGUGGAGAUGUAUAGUCUUAGGGUGAGGCUAGAGAUCGGAAGAGCGUCGUGUAGGGAAAGAGUGU
G53C,0.00445,GGAACACUAUCCGACUGCGGUCGGUGGAGAUGUAUAGUCUUAGGGUGAGGCUCGAGAUCGGAAGAGCGUCGUGUAGGGAAAGAGUGU
G53U,0.0065,GGAACACUAUCCGACUGCGGUCGGUGGAGAUGUAUAGUCUUAGGGUGAGGCUUGAGAUCGGAAGAGCGUCGUGUAGGGAAAGAGUGU
U52A,0.00423,GGAACACUAUCCGACUGCGGUCGGUGGAGAUGUAUAGUCUUAGGGUGAGGCAGGAGAUCGGAAGAGCGUCGUGUAGGGAAAGAGUGU
U52G,0.02023,GGAACACUAUCCGACUGCGGUCGGUGGAGAUGUAUAGUCUUAGGGUGAGGCGGGAGAUCGGAAGAGCGUCGUGUAGGGAAAGAGUGU
U52C,0.00213,GGAACACUAUCCGACUGCGGUCGGUGGAGAUGUAUAGUCUUAGGGUGAGGCCGGAGAUCGGAAGAGCGUCGUGUAGGGAAAGAGUGU
C51A,0.0009,GGAACACUAUCCGACUGCGGUCGGUGGAGAUGUAUAGUCUUAGGGUGAGGAUGGAGAUCGGAAGAGCGUCGUGUAGGGAAAGAGUGU
C51G,0.00364,GGAACACUAUCCGACUGCGGUCGGUGGAGAUGUAUAGUCUUAGGGUGAGGGUGGAGAUCGGAAGAGCGUCGUGUAGGGAAAGAGUGU
C51U,0.04117,GGAACACUAUCCGACUGCGGUCGGUGGAGAUGUAUAGUCUUAGGGUGAGGUUGGAGAUCGGAAGAGCGUCGUGUAGGGAAAGAGUGU
G50A,0.00795,GGAACACUAUCCGACUGCGGUCGGUGGAGAUGUAUAGUCUUAGGGUGAGACUGGAGAUCGGAAGAGCGUCGUGUAGGGAAAGAGUGU
G50C,0.00092,GGAACACUAUCCGACUGCGGUCGGUGGAGAUGUAUAGUCUUAGGGUGAGCCUGGAGAUCGGAAGAGCGUCGUGUAGGGAAAGAGUGU
G50U,0.00176,GGAACACUAUCCGACUGCGGUCGGUGGAGAUGUAUAGUCUUAGGGUGAGUCUGGAGAUCGGAAGAGCGUCGUGUAGGGAAAGAGUGU
G49A,0.01048,GGAACACUAUCCGACUGCGGUCGGUGGAGAUGUAUAGUCUUAGGGUGAAGCUGGAGAUCGGAAGAGCGUCGUGUAGGGAAAGAGUGU
G49C,0.00085,GGAACACUAUCCGACUGCGGUCGGUGGAGAUGUAUAGUCUUAGGGUGACGCUGGAGAUCGGAAGAGCGUCGUGUAGGGAAAGAGUGU
G49U,0.00222,GGAACACUAUCCGACUGCGGUCGGUGGAGAUGUAUAGUCUUAGGGUGAUGCUGGAGAUCGGAAGAGCGUCGUGUAGGGAAAGAGUGU
A48G,0.00098,GGAACACUAUCCGACUGCGGUCGGUGGAGAUGUAUAGUCUUAGGGUGGGGCUGGAGAUCGGAAGAGCGUCGUGUAGGGAAAGAGUGU
A48C,0.0009,GGAACACUAUCCGACUGCGGUCGGUGGAGAUGUAUAGUCUUAGGGUGCGGCUGGAGAUCGGAAGAGCGUCGUGUAGGGAAAGAGUGU
A48U,0.00088,GGAACACUAUCCGACUGCGGUCGGUGGAGAUGUAUAGUCUUAGGGUGUGGCUGGAGAUCGGAAGAGCGUCGUGUAGGGAAAGAGUGU
G47A,0.00111,GGAACACUAUCCGACUGCGGUCGGUGGAGAUGUAUAGUCUUAGGGUAAGGCUGGAGAUCGGAAGAGCGUCGUGUAGGGAAAGAGUGU
G47C,0.00089,GGAACACUAUCCGACUGCGGUCGGUGGAGAUGUAUAGUCUUAGGGUCAGGCUGGAGAUCGGAAGAGCGUCGUGUAGGGAAAGAGUGU
G47U,0.00108,GGAACACUAUCCGACUGCGGUCGGUGGAGAUGUAUAGUCUUAGGGUUAGGCUGGAGAUCGGAAGAGCGUCGUGUAGGGAAAGAGUGU
